{
    "name": "Kinesis Advantage",
    "vendorId": "0xfeed",
    "productId": "0x6060",
    "keyboard": "kinesis/thirteen37",
    "lighting": "none",
    "matrix": { "rows": 8, "cols": 12 },
    "keymap": "via",
    "layout": "LAYOUT_pretty",
    "layouts": {
        "keymap": [
            [{"c": "#777777", "f": 1, "w": 0.675, "h": 0.85}, "5,0", {"x": 0.07499999999999996, "w": 0.675, "h": 0.85}, "5,1", {"x": 0.07499999999999996, "w": 0.675, "h": 0.85}, "5,2", {"x": 0.07500000000000018, "w": 0.675, "h": 0.85}, "6,0", {"x": 0.07500000000000018, "w": 0.675, "h": 0.85}, "6,1", {"x": 0.07500000000000018, "w": 0.675, "h": 0.85}, "6,2", {"x": 0.07500000000000018, "w": 0.675, "h": 0.85}, "7,0", {"x": 0.07500000000000018, "w": 0.675, "h": 0.85}, "7,1", {"x": 0.07500000000000018, "w": 0.675, "h": 0.85}, "7,2", {"x": 4.825, "w": 0.675, "h": 0.85}, "5,9", {"x": 0.07499999999999929, "w": 0.675, "h": 0.85}, "5,11", {"x": 0.07499999999999929, "w": 0.675, "h": 0.85}, "5,12", {"x": 0.07499999999999929, "w": 0.675, "h": 0.85}, "6,9", {"x": 0.07499999999999929, "w": 0.675, "h": 0.85}, "6,10", {"x": 0.07499999999999929, "w": 0.675, "h": 0.85}, "6,11", {"x": 0.07499999999999929, "w": 0.675, "h": 0.85}, "7,9", {"x": 0.07499999999999929, "w": 0.675, "h": 0.85}, "7,10", {"x": 0.07499999999999929, "w": 0.675, "h": 0.85}, "7,11"],
            [{"x": 2.25, "c": "#cccccc", "f": 3}, "0,2", "0,3", "0,4", "0,5", {"x": 5.5}, "0,6", "0,7", "0,8", "0,9"],
            [{"y": -0.75, "w": 1.25}, "0,0", "0,1", {"x": 13.5}, "0,10", {"w": 1.25}, "0,11"],
            [{"y": -0.25, "x": 2.25}, "1,2", "1,3", "1,4", "1,5", {"x": 5.5}, "1,6", "1,7", "1,8", "1,9"],
            [{"y": -0.75, "w": 1.25}, "1,0", "1,1", {"x": 13.5}, "1,10", {"w": 1.25}, "1,11"],
            [{"y": -0.25, "x": 2.25}, "2,2", "2,3", "2,4", "2,5", {"x": 5.5}, "2,6", "2,7", "2,8", "2,9"],
            [{"y": -0.75, "c": "#aaaaaa", "w": 1.25}, "2,0", {"c": "#cccccc"}, "2,1", {"x": 13.5}, "2,10", {"w": 1.25}, "2,11"],
            [{"y": -0.25, "x": 2.25}, "3,2", "3,3", "3,4", "3,5", {"x": 5.5}, "3,6", "3,7", "3,8", "3,9"],
            [{"y": -0.75, "c": "#aaaaaa", "w": 1.25}, "3,0", {"c": "#cccccc"}, "3,1", {"x": 13.5}, "3,10", {"c": "#aaaaaa", "w": 1.25}, "3,11"],
            [{"y": -0.25, "x": 2.25, "c": "#cccccc"}, "4,2", {"c": "#777777"}, "4,3", "4,5", {"x": 7.5}, "4,6", "4,8", {"c": "#cccccc"}, "4,9"],
            [{"y": -0.75, "x": 1.25}, "4,1", {"x": 13.5}, "4,10"], [{"r": 15, "rx": 5.25, "ry": 4, "x": 1.5, "c": "#aaaaaa"}, "6,5", "5,5"],
            [{"x": 0.5, "c": "#777777", "h": 2}, "6,3", {"h": 2}, "6,4", "5,4"],
            [{"x": 2.5}, "5,3"],
            [{"r": -15, "rx": 12.75, "x": -3.5, "c": "#aaaaaa"}, "6,7", "5,8"],
            [{"x": -3.5, "c": "#777777"}, "6,8", {"h": 2}, "5,7", {"h": 2}, "5,6"],
            [{"x": -3.5}, "6,6"]
        ]
    },
    "layers": [
        [
            "KC_ESC", "KC_F1", "KC_F2", "KC_F3",  "KC_F4",  "KC_F5",  "KC_F6",  "KC_F7",  "KC_F8",  "KC_F9",  "KC_F10","KC_F11","KC_F12","KC_PSCR","KC_SLCK","KC_PAUS","TG(1)",  "MO(2)",
            "KC_EQL", "KC_1",  "KC_2",  "KC_3",   "KC_4",   "KC_5",                                                             "KC_6",  "KC_7",   "KC_8",   "KC_9",   "KC_0",   "KC_MINS",
            "KC_TAB", "KC_Q",  "KC_W",  "KC_E",   "KC_R",   "KC_T",                                                             "KC_Y",  "KC_U",   "KC_I",   "KC_O",   "KC_P",   "KC_BSLS",
            "KC_CAPS","KC_A",  "KC_S",  "KC_D",   "KC_F",   "KC_G",                                                             "KC_H",  "KC_J",   "KC_K",   "KC_L",   "KC_SCLN","KC_QUOT",
            "KC_LSFT","KC_Z",  "KC_X",  "KC_C",   "KC_V",   "KC_B",                                                             "KC_N",  "KC_M",   "KC_COMM","KC_DOT", "KC_SLSH","KC_RSFT",
                      "KC_GRV","KC_INS","KC_LEFT","KC_RGHT",                                                                             "KC_UP",  "KC_DOWN","KC_LBRC","KC_RBRC",
                                                                                "KC_LCTL","KC_LALT","KC_RGUI","KC_RCTL",
                                                                                          "KC_HOME","KC_PGUP",
                                                                      "KC_BSPC","KC_DEL", "KC_END", "KC_PGDN","KC_ENTER","KC_SPC"
        ],
        [
            "_______","KC_LGUI","KC_RALT","KC_APP", "KC_MPLY","KC_MPRV","KC_MNXT","KC_CALC","XXXXXXX","XXXXXXX","XXXXXXX","XXXXXXX","XXXXXXX","KC_MUTE","KC_VOLD","KC_VOLU","_______","_______",
            "XXXXXXX","XXXXXXX","XXXXXXX","XXXXXXX","XXXXXXX","XXXXXXX",                                                            "XXXXXXX","KC_NLCK","KC_PEQL","KC_PSLS","KC_PAST","XXXXXXX",
            "XXXXXXX","XXXXXXX","XXXXXXX","XXXXXXX","XXXXXXX","XXXXXXX",                                                            "XXXXXXX","KC_P7",  "KC_P8",  "KC_P9",  "KC_PMNS","XXXXXXX",
            "XXXXXXX","XXXXXXX","XXXXXXX","XXXXXXX","XXXXXXX","XXXXXXX",                                                            "XXXXXXX","KC_P4",  "KC_P5",  "KC_P6",  "KC_PPLS","XXXXXXX",
            "XXXXXXX","XXXXXXX","XXXXXXX","XXXXXXX","XXXXXXX","XXXXXXX",                                                            "XXXXXXX","KC_P1",  "KC_P2",  "KC_P3",  "KC_PENT","XXXXXXX",
                      "_______","KC_INS", "KC_LEFT","KC_RIGHT",                                                                               "KC_UP",  "KC_DOWN","KC_PDOT","KC_PENT",
                                                                                  "_______","_______","_______","_______",
                                                                                            "_______","_______",
                                                                        "_______","_______","_______","_______","_______","_______"
        ],
        [
            "XXXXXXX","XXXXXXX","XXXXXXX","XXXXXXX","XXXXXXX","XXXXXXX","XXXXXXX","XXXXXXX","CK_TOGG","RESET",  "XXXXXXX","XXXXXXX","XXXXXXX","XXXXXXX","XXXXXXX","XXXXXXX","XXXXXXX","XXXXXXX",
            "_______","_______","_______","_______","_______","_______",                                                            "_______","_______","_______","_______","_______","_______",
            "_______","_______","_______","_______","_______","_______",                                                            "_______","_______","_______","_______","_______","_______",
            "_______","_______","_______","_______","_______","_______",                                                            "_______","_______","_______","_______","_______","_______",
            "_______","_______","_______","_______","_______","_______",                                                            "_______","_______","_______","_______","_______","_______",
                      "_______","_______","_______","_______",                                                                                "_______","_______","_______","_______",
                                                                                  "_______","_______","_______","_______",
                                                                                            "_______","_______",
                                                                        "_______","_______","_______","_______","_______","_______"
        ]
    ]
}
